Num_Cta,Cli_codigo,TipoCuenta,Sucursal,FechaApertura,Saldo
191-10001-83,C0001,NA,Callao,04/05/2018,7445.37
191-10002-40,C0002,CTA CORRIENTE,Lince,02/11/2020,11856.65
191-10003-16,C0003,CTA CORRIENTE,Surco,22/02/2010,11620.99
191-10004-88,C0004,CTA CORRIENTE,Surco,13/01/2016,11666.79
191-10005-14,C0005,NA,Cajamarca,18/02/2016,6711.09
191-10006-11,C0006,CTA CORRIENTE,Lince,01/08/2020,12688.67
191-10007-10,C0007,CTA CORRIENTE,La Molina,28/09/2023,11788.57
191-10008-93,C0008,CTA AHORROS DOLARES,La Molina,01/02/2022,7495.32
191-10009-27,C0009,CTA AHORROS SOLES,Miraflores,02/10/2011,4238.32
191-10010-28,C0010,CTA CORRIENTE,Callao,19/10/2021,982.02
191-10011-90,C0011,CTA AHORROS DOLARES,San Isidro,10/08/2014,7538.39
191-10012-33,C0012,CTA CORRIENTE,Miraflores,07/12/2019,9866.01
191-10013-12,C0013,CTA AHORROS DOLARES,San Isidro,14/06/2011,10462.2
191-10014-99,C0014,CTA AHORROS SOLES,Cajamarca,10/04/2016,1411.93
191-10015-28,C0015,CTA AHORROS SOLES,La Molina,06/05/2017,3223.16
191-10016-37,C0016,CTA CORRIENTE,Lince,08/10/2013,7764.2
191-10017-67,C0017,CTA AHORROS DOLARES,Callao,14/07/2012,6672.88
191-10018-88,C0018,NA,Cajamarca,19/09/2014,12001.75
191-10019-53,C0019,CTA AHORROS DOLARES,San Isidro,10/10/2022,6781.01
191-10020-62,C0020,NA,Callao,14/12/2014,9560.04
191-10021-62,C0021,CTA AHORROS DOLARES,Surco,31/08/2020,3080.13
191-10022-64,C0022,CTA AHORROS DOLARES,Miraflores,01/07/2018,8033.59
191-10023-68,C0023,NA,La Molina,03/09/2022,4633.98
191-10024-84,C0024,CTA CORRIENTE,La Molina,27/12/2016,6202.25
191-10025-51,C0025,CTA AHORROS SOLES,Surco,20/04/2024,5979.92
191-10026-22,C0026,CTA CORRIENTE,Callao,19/03/2014,3227.17
191-10027-81,C0027,CTA AHORROS DOLARES,Miraflores,10/05/2019,4352.62
191-10028-47,C0028,CTA AHORROS DOLARES,Cajamarca,05/10/2024,11289.18
191-10029-63,C0029,NA,Callao,25/03/2013,4134.4
191-10030-56,C0030,CTA CORRIENTE,La Molina,07/07/2018,3588.16
191-10031-26,C0031,CTA AHORROS DOLARES,La Molina,05/04/2021,4598.78
191-10032-31,C0032,NA,Lince,24/11/2012,6437.66
191-10033-70,C0033,NA,Miraflores,29/09/2023,4203.09
191-10034-27,C0034,CTA AHORROS SOLES,Cajamarca,03/06/2016,14510.32
191-10035-28,C0035,NA,Callao,15/05/2021,10349.05
191-10036-90,C0036,CTA AHORROS SOLES,San Isidro,16/01/2023,6453.12
191-10037-73,C0037,CTA CORRIENTE,La Molina,23/03/2012,10273.63
191-10038-90,C0038,CTA AHORROS DOLARES,La Molina,02/10/2016,865.56
191-10039-19,C0039,CTA AHORROS SOLES,Callao,20/02/2019,3959.89
191-10040-82,C0040,CTA AHORROS SOLES,La Molina,29/11/2011,13424.54
191-10041-13,C0041,CTA CORRIENTE,Lince,19/04/2019,5106.82
191-10042-43,C0042,CTA AHORROS DOLARES,San Isidro,16/05/2017,5065.5
191-10043-82,C0043,CTA AHORROS DOLARES,Cajamarca,02/08/2010,10240.33
191-10044-97,C0044,CTA CORRIENTE,La Molina,25/05/2021,6776.38
191-10045-95,C0045,CTA CORRIENTE,Surco,09/10/2015,12636.21
191-10046-18,C0046,CTA AHORROS SOLES,San Isidro,19/10/2021,3882.81
191-10047-31,C0047,CTA AHORROS SOLES,Callao,13/05/2014,1163.95
191-10048-40,C0048,CTA AHORROS SOLES,Cajamarca,26/12/2021,10725.05
191-10049-65,C0049,CTA CORRIENTE,San Isidro,24/04/2014,14633.67
191-10050-75,C0050,CTA CORRIENTE,Callao,28/05/2014,13004.76
191-10051-21,C0051,CTA CORRIENTE,Surco,13/09/2016,5521.32
191-10052-70,C0052,CTA CORRIENTE,Callao,08/10/2018,11475.88
191-10053-37,C0053,CTA CORRIENTE,Callao,16/07/2014,958.37
191-10054-23,C0054,CTA AHORROS DOLARES,Cajamarca,07/10/2018,13539.89
191-10055-47,C0055,CTA CORRIENTE,San Isidro,07/07/2017,9208.03
191-10056-82,C0056,CTA CORRIENTE,La Molina,01/07/2024,1076.55
191-10057-16,C0057,NA,Cajamarca,10/08/2021,7950.02
191-10058-40,C0058,CTA CORRIENTE,La Molina,06/12/2022,11196.19
191-10059-54,C0059,CTA AHORROS SOLES,Surco,15/02/2011,5355.42
191-10060-44,C0060,CTA CORRIENTE,Miraflores,28/09/2010,2795.73
191-10061-52,C0061,CTA CORRIENTE,Cajamarca,18/08/2015,3056.45
191-10062-24,C0062,CTA AHORROS SOLES,San Isidro,12/03/2015,13970.25
191-10063-34,C0063,NA,Cajamarca,12/11/2014,2511.57
191-10064-79,C0064,CTA CORRIENTE,La Molina,29/08/2019,2820.06
191-10065-79,C0065,CTA AHORROS SOLES,Lince,27/11/2024,12722.13
191-10066-22,C0066,NA,La Molina,22/05/2014,11977.9
191-10067-55,C0067,NA,San Isidro,18/12/2012,13965.8
191-10068-24,C0068,CTA CORRIENTE,Callao,27/01/2016,6161.54
191-10069-31,C0069,NA,La Molina,15/11/2022,3814.39
191-10070-99,C0070,CTA CORRIENTE,Cajamarca,19/09/2022,1937.02
191-10071-75,C0071,CTA CORRIENTE,Lince,31/05/2015,3472.13
191-10072-41,C0072,CTA AHORROS SOLES,Cajamarca,23/04/2015,6632.18
191-10073-98,C0073,CTA CORRIENTE,Cajamarca,14/11/2011,9685.74
191-10074-50,C0074,NA,San Isidro,27/06/2021,2058.44
191-10075-32,C0075,NA,San Isidro,07/11/2020,13690.58
191-10076-45,C0076,CTA CORRIENTE,La Molina,05/05/2015,1727.57
191-10077-60,C0077,CTA AHORROS DOLARES,Miraflores,26/06/2010,4229.42
191-10078-58,C0078,CTA AHORROS DOLARES,Cajamarca,27/03/2014,1556.13
191-10079-47,C0079,CTA AHORROS DOLARES,Miraflores,09/12/2016,13385.17
191-10080-19,C0080,NA,Cajamarca,25/07/2019,2348.75
191-10081-28,C0081,CTA AHORROS DOLARES,Callao,25/06/2020,4724.89
191-10082-63,C0082,CTA CORRIENTE,Miraflores,03/02/2011,4239.31
191-10083-93,C0083,CTA CORRIENTE,Callao,26/11/2013,7326.53
191-10084-63,C0084,CTA AHORROS SOLES,Cajamarca,08/06/2010,13460.13
191-10085-55,C0085,NA,La Molina,24/09/2021,13185.23
191-10086-67,C0086,CTA AHORROS DOLARES,Miraflores,31/07/2011,10570.72
191-10087-83,C0087,NA,San Isidro,28/05/2018,7139.21
191-10088-34,C0088,CTA AHORROS DOLARES,Cajamarca,29/03/2016,4075.61
191-10089-40,C0089,NA,Callao,09/04/2014,12984.27
191-10090-89,C0090,CTA AHORROS SOLES,Miraflores,12/04/2022,6215.27
191-10091-29,C0091,CTA CORRIENTE,Miraflores,21/10/2020,8107.93
191-10092-42,C0092,CTA CORRIENTE,Lince,18/09/2015,3754.69
191-10093-12,C0093,CTA AHORROS SOLES,San Isidro,05/11/2012,11019.21
191-10094-68,C0094,CTA AHORROS SOLES,Miraflores,18/06/2015,1367.0
191-10095-80,C0095,NA,Lince,21/09/2021,14690.17
191-10096-40,C0096,CTA AHORROS DOLARES,Lince,25/01/2014,7267.79
191-10097-29,C0097,CTA AHORROS DOLARES,San Isidro,12/12/2011,12748.39
191-10098-39,C0098,NA,Surco,20/09/2022,708.57
191-10099-81,C0099,CTA CORRIENTE,Miraflores,26/10/2020,12996.24
191-10100-16,C0100,NA,Lince,09/10/2018,6676.24
191-10101-85,C0101,NA,San Isidro,17/11/2012,8867.22
191-10102-95,C0102,CTA AHORROS SOLES,San Isidro,18/02/2024,3075.89
191-10103-35,C0103,CTA AHORROS DOLARES,San Isidro,05/03/2012,5157.6
191-10104-69,C0104,CTA CORRIENTE,Miraflores,08/03/2020,6177.84
191-10105-38,C0105,CTA CORRIENTE,La Molina,30/01/2012,13584.48
191-10106-94,C0106,CTA CORRIENTE,Lince,30/09/2014,12151.66
191-10107-54,C0107,CTA CORRIENTE,Miraflores,12/09/2023,1631.42
191-10108-70,C0108,NA,Cajamarca,16/08/2013,917.16
191-10109-41,C0109,CTA AHORROS DOLARES,Callao,14/07/2020,14068.7
191-10110-62,C0110,CTA AHORROS SOLES,La Molina,31/05/2020,4035.48
191-10111-65,C0111,CTA AHORROS DOLARES,La Molina,15/04/2013,4476.35
191-10112-60,C0112,CTA AHORROS SOLES,Cajamarca,12/01/2018,1002.7
191-10113-65,C0113,NA,Callao,15/03/2011,7603.99
191-10114-30,C0114,CTA CORRIENTE,La Molina,01/10/2014,563.17
191-10115-30,C0115,NA,Surco,17/06/2021,11529.87
191-10116-12,C0116,CTA AHORROS SOLES,Surco,28/04/2010,12795.51
191-10117-76,C0117,CTA AHORROS SOLES,Lince,28/05/2020,13013.23
191-10118-22,C0118,CTA AHORROS DOLARES,Surco,31/08/2017,5477.31
191-10119-80,C0119,CTA AHORROS SOLES,Cajamarca,27/12/2018,9641.47
191-10120-94,C0120,NA,La Molina,08/06/2021,12626.48
191-10121-22,C0121,CTA AHORROS DOLARES,Cajamarca,30/04/2019,5499.58
191-10122-13,C0122,CTA CORRIENTE,Lince,19/06/2019,935.49
191-10123-14,C0123,NA,Cajamarca,29/03/2024,7212.1
191-10124-94,C0124,NA,Callao,14/02/2012,2830.43
191-10125-75,C0125,CTA AHORROS DOLARES,Miraflores,04/11/2020,3974.48
191-10126-51,C0126,CTA CORRIENTE,San Isidro,20/05/2011,3859.65
191-10127-31,C0127,NA,Lince,12/02/2021,9514.55
191-10128-17,C0128,CTA CORRIENTE,Miraflores,02/06/2023,7365.11
191-10129-60,C0129,CTA CORRIENTE,San Isidro,07/03/2010,11912.18
191-10130-24,C0130,CTA AHORROS SOLES,Miraflores,16/12/2019,11863.55
191-10131-35,C0131,NA,Miraflores,04/12/2013,3313.03
191-10132-31,C0132,CTA CORRIENTE,Cajamarca,26/09/2012,3235.55
191-10133-87,C0133,CTA AHORROS SOLES,Callao,04/09/2016,6068.61
191-10134-17,C0134,NA,Lince,11/05/2015,13446.38
191-10135-36,C0135,CTA CORRIENTE,Lince,08/06/2023,4124.94
191-10136-58,C0136,CTA CORRIENTE,Callao,22/02/2023,3106.8
191-10137-53,C0137,CTA AHORROS SOLES,Surco,14/05/2024,6528.39
191-10138-84,C0138,NA,Cajamarca,28/12/2021,9710.98
191-10139-24,C0139,CTA AHORROS DOLARES,San Isidro,07/02/2018,10783.56
191-10140-24,C0140,CTA AHORROS SOLES,Cajamarca,22/09/2020,1290.91
191-10141-26,C0141,NA,Surco,30/12/2019,11162.28
191-10142-62,C0142,CTA CORRIENTE,Lince,20/10/2019,5458.65
191-10143-72,C0143,CTA AHORROS DOLARES,Miraflores,11/09/2022,3178.63
191-10144-88,C0144,CTA CORRIENTE,Lince,13/05/2021,6055.18
191-10145-93,C0145,CTA AHORROS DOLARES,La Molina,16/11/2012,7750.9
191-10146-75,C0146,CTA AHORROS DOLARES,Lince,23/03/2014,14316.8
191-10147-61,C0147,CTA AHORROS DOLARES,Lince,02/02/2022,7214.81
191-10148-24,C0148,CTA AHORROS SOLES,Surco,20/11/2023,3380.61
191-10149-68,C0149,CTA CORRIENTE,Surco,11/09/2012,13268.58
191-10150-96,C0150,CTA AHORROS SOLES,Cajamarca,23/01/2015,5084.2
191-10151-36,C0151,NA,Miraflores,06/12/2017,8614.81
191-10152-52,C0152,CTA AHORROS DOLARES,Surco,04/02/2021,2749.42
191-10153-32,C0153,CTA AHORROS SOLES,Cajamarca,10/10/2015,10223.59
191-10154-29,C0154,CTA AHORROS SOLES,Cajamarca,29/11/2015,12557.88
191-10155-18,C0155,CTA CORRIENTE,Callao,12/12/2024,1554.98
191-10156-97,C0156,CTA CORRIENTE,La Molina,09/03/2013,4933.96
191-10157-23,C0157,CTA AHORROS SOLES,San Isidro,26/06/2018,11076.65
191-10158-54,C0158,CTA CORRIENTE,La Molina,13/10/2014,10752.55
191-10159-17,C0159,CTA AHORROS DOLARES,Callao,29/09/2022,10282.0
191-10160-31,C0160,CTA AHORROS SOLES,Surco,29/04/2019,14013.73
191-10161-65,C0161,NA,Callao,11/01/2012,4643.8
191-10162-20,C0162,CTA AHORROS DOLARES,La Molina,09/07/2014,7886.84
191-10163-14,C0163,NA,San Isidro,30/06/2017,11812.5
191-10164-31,C0164,NA,Cajamarca,10/12/2020,6931.77
191-10165-17,C0165,CTA AHORROS DOLARES,Lince,06/06/2010,6795.51
191-10166-28,C0166,CTA AHORROS DOLARES,Lince,29/07/2012,8623.56
191-10167-42,C0167,NA,San Isidro,21/11/2023,1444.8
191-10168-80,C0168,NA,Surco,03/02/2011,9655.62
191-10169-94,C0169,CTA CORRIENTE,San Isidro,23/06/2018,10399.52
191-10170-42,C0170,CTA CORRIENTE,San Isidro,04/12/2010,719.5
191-10171-46,C0171,NA,Lince,11/12/2010,1329.55
191-10172-70,C0172,CTA AHORROS DOLARES,Lince,05/06/2024,8708.51
191-10173-45,C0173,NA,Cajamarca,23/07/2014,7618.82
191-10174-13,C0174,NA,Surco,18/08/2013,6509.59
191-10175-76,C0175,CTA AHORROS DOLARES,Callao,26/06/2024,1782.08
191-10176-79,C0176,NA,La Molina,17/05/2017,6773.79
191-10177-56,C0177,NA,Cajamarca,27/04/2015,14773.82
191-10178-64,C0178,CTA AHORROS SOLES,Callao,05/02/2017,7836.03
191-10179-45,C0179,CTA CORRIENTE,Callao,18/08/2021,7379.01
191-10180-43,C0180,CTA CORRIENTE,Cajamarca,11/09/2019,2578.57
191-10181-88,C0181,NA,Cajamarca,06/01/2020,10132.92
191-10182-21,C0182,CTA AHORROS SOLES,Surco,02/03/2021,6839.29
191-10183-62,C0183,NA,La Molina,11/07/2022,511.4
191-10184-76,C0184,CTA AHORROS SOLES,Miraflores,19/02/2015,842.78
191-10185-24,C0185,CTA AHORROS DOLARES,Cajamarca,06/07/2020,14196.78
191-10186-21,C0186,NA,La Molina,03/11/2023,12740.35
191-10187-89,C0187,NA,Cajamarca,21/01/2024,5314.96
191-10188-12,C0188,CTA AHORROS SOLES,San Isidro,22/11/2022,13096.04
191-10189-14,C0189,CTA AHORROS DOLARES,La Molina,10/08/2012,13133.81
191-10190-70,C0190,CTA AHORROS SOLES,Miraflores,02/12/2012,7002.02
191-10191-12,C0191,CTA AHORROS SOLES,Miraflores,20/02/2013,12335.81
191-10192-61,C0192,CTA CORRIENTE,Lince,10/03/2022,13529.42
191-10193-25,C0193,NA,Lince,24/05/2015,8912.5
191-10194-70,C0194,CTA AHORROS SOLES,San Isidro,13/09/2010,13096.2
191-10195-41,C0195,CTA AHORROS SOLES,Miraflores,09/02/2019,9853.7
191-10196-23,C0196,CTA AHORROS SOLES,San Isidro,14/09/2018,12286.7
191-10197-58,C0197,CTA AHORROS SOLES,San Isidro,20/02/2010,6953.24
191-10198-27,C0198,CTA CORRIENTE,Callao,14/03/2019,13135.58
191-10199-23,C0199,CTA AHORROS DOLARES,Miraflores,06/03/2021,8099.41
191-10200-48,C0200,CTA CORRIENTE,Lince,05/06/2012,5939.17
191-10201-11,C0201,CTA AHORROS DOLARES,Cajamarca,11/03/2017,2193.81
191-10202-78,C0202,CTA AHORROS SOLES,San Isidro,27/07/2024,5048.02
191-10203-58,C0203,CTA AHORROS DOLARES,Cajamarca,28/06/2016,7118.64
191-10204-93,C0204,NA,La Molina,29/05/2023,2277.01
191-10205-65,C0205,CTA AHORROS SOLES,Cajamarca,04/02/2020,10151.41
191-10206-41,C0206,CTA CORRIENTE,Lince,07/07/2012,9209.63
191-10207-45,C0207,CTA AHORROS DOLARES,La Molina,21/04/2024,14715.88
191-10208-79,C0208,CTA AHORROS DOLARES,Surco,15/08/2015,4779.27
191-10209-55,C0209,CTA AHORROS DOLARES,Miraflores,14/11/2019,8658.25
191-10210-69,C0210,CTA CORRIENTE,Miraflores,07/02/2023,2347.39
191-10211-48,C0211,CTA AHORROS DOLARES,Cajamarca,21/02/2015,14241.91
191-10212-34,C0212,CTA AHORROS DOLARES,Callao,05/07/2011,13043.94
191-10213-11,C0213,CTA AHORROS DOLARES,La Molina,26/12/2019,6023.78
191-10214-73,C0214,CTA AHORROS DOLARES,San Isidro,13/09/2022,692.65
191-10215-16,C0215,CTA AHORROS DOLARES,Miraflores,07/06/2016,7666.64
191-10216-32,C0216,CTA AHORROS SOLES,Callao,22/12/2021,13138.16
191-10217-19,C0217,CTA AHORROS DOLARES,La Molina,04/11/2013,1592.13
191-10218-20,C0218,NA,Lince,27/09/2012,10653.52
191-10219-83,C0219,CTA AHORROS DOLARES,Surco,10/06/2011,10428.22
191-10220-73,C0220,CTA AHORROS SOLES,Cajamarca,10/06/2021,5458.49
191-10221-82,C0221,CTA AHORROS SOLES,Miraflores,17/10/2022,13292.07
191-10222-12,C0222,NA,La Molina,07/07/2020,2833.28
191-10223-96,C0223,CTA AHORROS SOLES,Cajamarca,27/04/2023,13181.0
191-10224-46,C0224,NA,San Isidro,24/04/2023,4764.0
191-10225-43,C0225,CTA AHORROS SOLES,Lince,12/10/2015,7535.86
191-10226-47,C0226,CTA AHORROS DOLARES,Cajamarca,03/04/2023,11402.84
191-10227-24,C0227,CTA AHORROS DOLARES,La Molina,17/04/2024,11583.52
191-10228-31,C0228,CTA AHORROS DOLARES,San Isidro,16/01/2013,8737.78
191-10229-32,C0229,CTA AHORROS SOLES,La Molina,06/12/2017,6738.44
191-10230-15,C0230,CTA CORRIENTE,La Molina,21/10/2017,4420.57
191-10231-42,C0231,CTA CORRIENTE,Miraflores,21/11/2022,12139.39
191-10232-59,C0232,NA,Cajamarca,07/11/2010,12852.94
191-10233-34,C0233,NA,San Isidro,17/05/2022,13678.51
191-10234-22,C0234,CTA AHORROS DOLARES,Miraflores,20/07/2013,11935.06
191-10235-13,C0235,NA,Surco,16/02/2010,8535.01
191-10236-55,C0236,NA,Lince,16/09/2014,7775.72
191-10237-64,C0237,CTA CORRIENTE,San Isidro,26/08/2020,11164.73
191-10238-90,C0238,CTA AHORROS DOLARES,San Isidro,20/12/2022,5222.64
191-10239-73,C0239,CTA AHORROS DOLARES,Cajamarca,18/08/2012,6424.64
191-10240-58,C0240,NA,Miraflores,02/07/2017,12203.56
191-10241-14,C0241,CTA AHORROS SOLES,Cajamarca,31/05/2021,3972.41
191-10242-33,C0242,CTA AHORROS SOLES,Callao,29/03/2023,4057.31
191-10243-46,C0243,NA,Lince,18/08/2015,13418.12
191-10244-66,C0244,CTA AHORROS DOLARES,San Isidro,28/05/2017,9811.37
191-10245-98,C0245,CTA AHORROS SOLES,Cajamarca,24/03/2018,12949.17
191-10246-21,C0246,CTA CORRIENTE,Surco,12/01/2021,9513.29
191-10247-88,C0247,CTA CORRIENTE,Surco,18/01/2012,3707.36
191-10248-35,C0248,CTA CORRIENTE,Miraflores,08/01/2014,725.31
191-10249-15,C0249,NA,Miraflores,18/11/2017,12766.51
191-10250-63,C0250,CTA AHORROS DOLARES,Surco,04/07/2017,1432.64
191-10251-96,C0251,CTA AHORROS SOLES,Miraflores,10/01/2015,12195.45
191-10252-34,C0252,CTA AHORROS SOLES,Lince,10/05/2017,8819.27
191-10253-15,C0253,CTA AHORROS DOLARES,Cajamarca,11/10/2011,12255.15
191-10254-18,C0254,CTA AHORROS DOLARES,Callao,02/03/2011,2392.32
191-10255-80,C0255,CTA AHORROS SOLES,Cajamarca,08/04/2012,11796.66
191-10256-86,C0256,CTA AHORROS SOLES,Callao,10/08/2014,3815.37
191-10257-93,C0257,CTA AHORROS SOLES,La Molina,08/05/2017,10183.88
191-10258-40,C0258,CTA AHORROS DOLARES,San Isidro,07/07/2011,8093.59
191-10259-56,C0259,CTA AHORROS DOLARES,Surco,20/04/2010,12018.27
191-10260-61,C0260,CTA CORRIENTE,San Isidro,18/04/2024,4698.19
191-10261-33,C0261,CTA CORRIENTE,Cajamarca,25/01/2022,2584.05
191-10262-24,C0262,CTA AHORROS SOLES,Surco,13/12/2020,7993.94
191-10263-61,C0263,NA,Cajamarca,12/02/2011,5001.19
191-10264-30,C0264,CTA CORRIENTE,La Molina,07/06/2017,4764.65
191-10265-54,C0265,NA,Callao,20/04/2020,1373.06
191-10266-43,C0266,CTA CORRIENTE,Callao,18/04/2024,11295.62
191-10267-99,C0267,NA,Callao,03/09/2022,11971.39
191-10268-56,C0268,CTA CORRIENTE,La Molina,26/09/2013,3371.06
191-10269-52,C0269,CTA AHORROS DOLARES,San Isidro,01/11/2014,8379.83
191-10270-43,C0270,CTA AHORROS DOLARES,Surco,24/06/2013,5579.09
191-10271-82,C0271,CTA CORRIENTE,Cajamarca,20/06/2015,10806.61
191-10272-64,C0272,NA,Miraflores,19/11/2011,6676.02
191-10273-16,C0273,NA,Surco,29/07/2020,1493.92
191-10274-19,C0274,CTA AHORROS DOLARES,Cajamarca,25/02/2017,14731.12
191-10275-63,C0275,CTA AHORROS DOLARES,Callao,01/04/2015,2721.3
191-10276-60,C0276,CTA AHORROS DOLARES,Callao,05/12/2023,11390.4
191-10277-41,C0277,CTA CORRIENTE,Cajamarca,02/02/2021,13089.23
191-10278-73,C0278,CTA CORRIENTE,Lince,24/11/2024,5083.89
191-10279-27,C0279,CTA CORRIENTE,Cajamarca,05/01/2014,8894.7
191-10280-29,C0280,NA,Lince,23/01/2011,1731.99
191-10281-96,C0281,CTA AHORROS SOLES,La Molina,01/06/2016,14401.38
191-10282-85,C0282,CTA AHORROS DOLARES,San Isidro,05/03/2012,10054.68
191-10283-38,C0283,CTA CORRIENTE,Lince,15/12/2024,8867.46
191-10284-22,C0284,CTA AHORROS DOLARES,Callao,18/02/2011,5808.2
191-10285-81,C0285,CTA CORRIENTE,Miraflores,12/12/2021,9227.46
191-10286-64,C0286,CTA AHORROS DOLARES,Cajamarca,01/07/2023,12525.55
191-10287-69,C0287,CTA AHORROS DOLARES,Miraflores,09/07/2024,1128.55
191-10288-39,C0288,CTA AHORROS SOLES,Lince,07/07/2013,14898.61
191-10289-98,C0289,CTA CORRIENTE,Miraflores,24/05/2012,13939.27
191-10290-26,C0290,CTA AHORROS DOLARES,Miraflores,29/07/2018,12244.53
191-10291-83,C0291,CTA AHORROS SOLES,Miraflores,06/04/2021,3879.29
191-10292-86,C0292,CTA AHORROS SOLES,Cajamarca,11/05/2014,13426.02
191-10293-87,C0293,NA,La Molina,29/06/2017,13758.89
191-10294-32,C0294,CTA AHORROS SOLES,San Isidro,09/12/2014,9425.09
191-10295-42,C0295,CTA CORRIENTE,San Isidro,02/09/2010,4272.9
191-10296-77,C0296,CTA CORRIENTE,San Isidro,20/12/2024,1290.05
191-10297-62,C0297,NA,Lince,20/05/2011,14125.46
191-10298-23,C0298,CTA AHORROS SOLES,Lince,12/10/2020,13660.03
191-10299-49,C0299,CTA AHORROS SOLES,La Molina,21/03/2022,9420.15
191-10300-47,C0300,NA,Lince,30/11/2018,7828.27
191-10301-19,C0301,NA,Surco,01/08/2012,4776.25
191-10302-69,C0302,CTA CORRIENTE,La Molina,03/04/2022,4311.71
191-10303-59,C0303,CTA AHORROS DOLARES,Callao,15/02/2014,9873.86
191-10304-43,C0304,CTA CORRIENTE,Callao,04/03/2014,5946.97
191-10305-90,C0305,CTA CORRIENTE,Cajamarca,07/01/2016,8296.66
191-10306-30,C0306,CTA AHORROS DOLARES,Surco,11/10/2022,8832.58
191-10307-38,C0307,NA,La Molina,22/12/2017,14283.88
191-10308-79,C0308,NA,Lince,05/03/2014,8009.64
191-10309-80,C0309,CTA AHORROS SOLES,Callao,19/06/2024,9971.91
191-10310-20,C0310,NA,La Molina,23/10/2011,12920.6
191-10311-10,C0311,CTA AHORROS SOLES,Miraflores,18/07/2016,13912.23
191-10312-80,C0312,CTA AHORROS SOLES,La Molina,17/09/2022,14466.41
191-10313-66,C0313,CTA CORRIENTE,Cajamarca,29/10/2020,13127.24
191-10314-71,C0314,CTA AHORROS DOLARES,Cajamarca,28/11/2024,12019.12
191-10315-21,C0315,CTA CORRIENTE,Cajamarca,26/03/2024,7683.86
191-10316-15,C0316,CTA AHORROS DOLARES,La Molina,15/06/2024,13587.25
191-10317-19,C0317,CTA AHORROS DOLARES,Cajamarca,01/07/2020,1472.5
191-10318-96,C0318,NA,Surco,14/06/2015,8247.49
191-10319-98,C0319,NA,Miraflores,25/11/2021,3347.98
191-10320-61,C0320,CTA AHORROS DOLARES,La Molina,13/01/2012,3600.39
191-10321-80,C0321,NA,Miraflores,22/06/2020,13230.99
191-10322-67,C0322,CTA CORRIENTE,Surco,19/04/2017,2383.32
191-10323-90,C0323,CTA CORRIENTE,Lince,11/04/2024,2525.79
191-10324-57,C0324,CTA CORRIENTE,Miraflores,12/05/2015,9446.92
191-10325-89,C0325,CTA CORRIENTE,Miraflores,21/09/2014,13153.28
191-10326-34,C0326,CTA CORRIENTE,Lince,10/09/2014,1397.49
191-10327-42,C0327,CTA CORRIENTE,Miraflores,01/05/2017,621.07
191-10328-90,C0328,CTA AHORROS SOLES,Callao,12/11/2021,6189.12
191-10329-66,C0329,CTA CORRIENTE,Cajamarca,27/06/2015,12349.71
191-10330-63,C0330,NA,Callao,13/05/2021,14665.02
191-10331-41,C0331,CTA AHORROS SOLES,Callao,23/05/2024,2794.04
191-10332-23,C0332,CTA CORRIENTE,Lince,30/10/2022,2374.29
191-10333-21,C0333,CTA CORRIENTE,Cajamarca,29/05/2013,11655.99
191-10334-99,C0334,CTA AHORROS DOLARES,Surco,08/03/2021,9712.16
191-10335-10,C0335,CTA AHORROS DOLARES,Callao,17/07/2014,12712.19
191-10336-98,C0336,CTA AHORROS DOLARES,Lince,06/08/2023,11646.52
191-10337-69,C0337,CTA CORRIENTE,Cajamarca,11/10/2013,2599.76
191-10338-91,C0338,CTA AHORROS DOLARES,Callao,15/02/2019,11459.69
191-10339-58,C0339,NA,Cajamarca,09/12/2014,825.33
191-10340-47,C0340,NA,San Isidro,16/06/2020,4995.8
191-10341-77,C0341,CTA AHORROS DOLARES,Callao,29/04/2021,4285.38
191-10342-59,C0342,CTA CORRIENTE,San Isidro,22/09/2010,14804.58
191-10343-61,C0343,NA,Miraflores,05/09/2015,9222.67
191-10344-43,C0344,CTA AHORROS SOLES,La Molina,26/04/2010,6936.83
191-10345-33,C0345,CTA AHORROS DOLARES,La Molina,05/11/2011,9200.07
191-10346-24,C0346,NA,Cajamarca,04/06/2015,9098.76
191-10347-72,C0347,CTA AHORROS SOLES,San Isidro,13/11/2020,7521.21
191-10348-31,C0348,NA,Cajamarca,13/06/2014,7699.84
191-10349-51,C0349,NA,Lince,07/06/2016,4912.08
191-10350-18,C0350,NA,Surco,15/01/2015,1484.57
191-10351-88,C0351,NA,La Molina,10/06/2023,10764.6
191-10352-76,C0352,NA,San Isidro,12/12/2020,7800.59
191-10353-66,C0353,CTA AHORROS SOLES,San Isidro,27/12/2014,7617.24
191-10354-21,C0354,CTA CORRIENTE,La Molina,09/02/2017,7901.2
191-10355-86,C0355,NA,Lince,21/01/2010,12183.01
191-10356-79,C0356,CTA AHORROS DOLARES,Miraflores,31/07/2014,7761.13
191-10357-26,C0357,NA,Cajamarca,15/01/2015,12314.11
191-10358-44,C0358,CTA AHORROS SOLES,Lince,06/01/2013,4791.46
191-10359-45,C0359,CTA AHORROS DOLARES,Cajamarca,19/05/2013,11457.97
191-10360-28,C0360,CTA AHORROS SOLES,Lince,26/09/2020,10772.65
191-10361-90,C0361,CTA CORRIENTE,Lince,30/04/2013,1161.76
191-10362-37,C0362,CTA CORRIENTE,Lince,04/03/2023,13227.56
191-10363-50,C0363,CTA AHORROS SOLES,San Isidro,12/03/2012,7309.61
191-10364-65,C0364,CTA AHORROS SOLES,La Molina,17/05/2018,5393.19
191-10365-17,C0365,CTA AHORROS SOLES,Miraflores,25/07/2024,9948.71
191-10366-33,C0366,CTA AHORROS DOLARES,Miraflores,06/02/2012,9378.47
191-10367-32,C0367,CTA AHORROS SOLES,San Isidro,08/04/2020,2170.99
191-10368-21,C0368,CTA AHORROS SOLES,La Molina,27/05/2021,8687.25
191-10369-15,C0369,CTA AHORROS DOLARES,San Isidro,12/08/2011,1480.25
191-10370-25,C0370,NA,Callao,06/11/2021,13408.08
191-10371-19,C0371,CTA AHORROS SOLES,Surco,30/03/2020,14772.88
191-10372-53,C0372,CTA CORRIENTE,Miraflores,23/04/2011,11228.72
191-10373-88,C0373,CTA CORRIENTE,Miraflores,24/05/2017,11462.08
191-10374-41,C0374,CTA AHORROS DOLARES,San Isidro,19/10/2019,14974.87
191-10375-41,C0375,CTA AHORROS DOLARES,Callao,19/09/2020,11998.62
191-10376-86,C0376,CTA AHORROS DOLARES,La Molina,06/05/2012,9806.5
191-10377-11,C0377,NA,San Isidro,28/04/2013,3412.26
191-10378-22,C0378,CTA CORRIENTE,Lince,14/11/2020,12924.31
191-10379-44,C0379,CTA CORRIENTE,Miraflores,05/06/2018,1558.98
191-10380-39,C0380,CTA AHORROS SOLES,Miraflores,10/05/2011,2296.46
191-10381-84,C0381,CTA AHORROS SOLES,Callao,15/05/2011,4374.34
191-10382-84,C0382,CTA CORRIENTE,Surco,22/06/2010,5438.95
191-10383-26,C0383,CTA AHORROS SOLES,Surco,12/12/2016,687.14
191-10384-53,C0384,CTA AHORROS DOLARES,La Molina,11/12/2013,14619.37
191-10385-80,C0385,NA,Callao,05/01/2013,12907.98
191-10386-71,C0386,CTA CORRIENTE,Cajamarca,15/10/2017,8118.67
191-10387-86,C0387,NA,Miraflores,29/10/2017,14167.91
191-10388-12,C0388,CTA CORRIENTE,Lince,19/10/2024,11137.57
191-10389-88,C0389,CTA AHORROS SOLES,La Molina,31/12/2010,3089.25
191-10390-55,C0390,CTA AHORROS DOLARES,Miraflores,03/10/2012,12461.31
191-10391-67,C0391,NA,Surco,13/02/2015,12974.73
191-10392-69,C0392,NA,San Isidro,30/03/2019,11244.05
191-10393-35,C0393,CTA CORRIENTE,Cajamarca,24/11/2019,2900.8
191-10394-37,C0394,CTA CORRIENTE,Lince,24/10/2013,12882.1
191-10395-47,C0395,NA,Lince,28/01/2020,11848.36
191-10396-19,C0396,CTA AHORROS DOLARES,Callao,04/08/2018,11996.15
191-10397-54,C0397,CTA AHORROS DOLARES,Callao,10/04/2011,6982.41
191-10398-70,C0398,CTA AHORROS SOLES,Callao,01/06/2022,5460.51
191-10399-90,C0399,CTA AHORROS DOLARES,San Isidro,01/09/2018,7703.29
191-10400-14,C0400,NA,Miraflores,24/01/2014,7970.93
191-10401-42,C0401,CTA CORRIENTE,Lince,10/12/2020,5943.06
191-10402-25,C0402,CTA AHORROS SOLES,Surco,21/01/2023,888.0
191-10403-39,C0403,NA,Lince,10/04/2024,14252.88
191-10404-69,C0404,CTA AHORROS SOLES,Callao,26/10/2011,13334.07
191-10405-66,C0405,CTA CORRIENTE,Cajamarca,21/05/2014,4778.49
191-10406-32,C0406,NA,San Isidro,12/11/2010,12259.19
191-10407-65,C0407,CTA CORRIENTE,Surco,30/09/2020,13395.73
191-10408-54,C0408,NA,Callao,20/05/2019,7584.14
191-10409-58,C0409,CTA AHORROS DOLARES,Miraflores,27/01/2011,8571.5
191-10410-26,C0410,CTA AHORROS DOLARES,La Molina,12/11/2012,9848.31
191-10411-80,C0411,CTA AHORROS SOLES,Miraflores,10/02/2010,1085.48
191-10412-51,C0412,CTA CORRIENTE,San Isidro,16/03/2014,3107.92
191-10413-89,C0413,NA,Miraflores,31/05/2017,1381.9
191-10414-15,C0414,CTA AHORROS SOLES,Callao,28/07/2014,9605.42
191-10415-59,C0415,CTA CORRIENTE,Cajamarca,19/06/2022,7983.71
191-10416-25,C0416,CTA AHORROS DOLARES,Cajamarca,24/10/2019,11327.45
191-10417-18,C0417,NA,Lince,23/12/2022,7375.57
191-10418-28,C0418,CTA CORRIENTE,Cajamarca,19/03/2016,10113.31
191-10419-69,C0419,CTA AHORROS SOLES,Surco,02/03/2022,14773.56
191-10420-20,C0420,CTA AHORROS DOLARES,Lince,16/03/2017,7839.14
191-10421-78,C0421,CTA AHORROS SOLES,Lince,11/11/2022,12483.22
191-10422-71,C0422,CTA CORRIENTE,Lince,30/04/2022,5842.19
191-10423-44,C0423,CTA CORRIENTE,Lince,25/01/2024,4137.56
191-10424-23,C0424,CTA CORRIENTE,Miraflores,17/03/2024,5178.6
191-10425-45,C0425,NA,San Isidro,26/12/2024,10832.13
191-10426-32,C0426,CTA AHORROS SOLES,Miraflores,24/07/2015,3935.29
191-10427-65,C0427,CTA AHORROS SOLES,Cajamarca,07/08/2015,11825.39
191-10428-27,C0428,CTA AHORROS DOLARES,Lince,17/10/2018,10672.91
191-10429-68,C0429,CTA CORRIENTE,Lince,07/05/2024,10819.02
191-10430-77,C0430,CTA AHORROS DOLARES,La Molina,24/04/2012,5853.04
191-10431-52,C0431,CTA AHORROS SOLES,Lince,28/01/2016,2283.99
191-10432-53,C0432,CTA AHORROS SOLES,Surco,14/06/2015,9580.54
191-10433-20,C0433,CTA AHORROS DOLARES,Miraflores,26/09/2010,1153.63
191-10434-54,C0434,NA,Callao,12/05/2022,14661.69
191-10435-19,C0435,CTA CORRIENTE,La Molina,30/03/2011,8416.76
191-10436-20,C0436,CTA AHORROS DOLARES,Callao,16/03/2024,9918.48
191-10437-13,C0437,CTA AHORROS DOLARES,Lince,25/08/2017,8739.36
191-10438-41,C0438,CTA AHORROS DOLARES,Miraflores,12/03/2018,3435.97
191-10439-85,C0439,NA,Surco,03/01/2012,2735.08
191-10440-34,C0440,CTA AHORROS DOLARES,Lince,14/05/2019,7675.08
191-10441-54,C0441,CTA AHORROS SOLES,La Molina,23/03/2016,5443.82
191-10442-60,C0442,CTA CORRIENTE,San Isidro,08/07/2015,7340.17
191-10443-99,C0443,NA,Surco,22/03/2014,1830.83
191-10444-53,C0444,CTA CORRIENTE,San Isidro,09/07/2021,8619.46
191-10445-34,C0445,CTA CORRIENTE,Lince,11/06/2012,14381.45
191-10446-91,C0446,CTA AHORROS SOLES,San Isidro,12/11/2013,3203.45
191-10447-59,C0447,CTA AHORROS DOLARES,Surco,18/01/2024,3702.48
191-10448-75,C0448,CTA CORRIENTE,Surco,02/12/2015,9685.38
191-10449-71,C0449,CTA CORRIENTE,Callao,19/06/2011,2812.94
191-10450-31,C0450,CTA CORRIENTE,La Molina,26/11/2019,8537.41
191-10451-73,C0451,CTA AHORROS DOLARES,Lince,15/04/2023,7020.37
191-10452-71,C0452,CTA AHORROS SOLES,La Molina,02/09/2014,6682.09
191-10453-79,C0453,CTA AHORROS DOLARES,Lince,10/02/2013,13489.9
191-10454-32,C0454,CTA CORRIENTE,Cajamarca,28/07/2013,1302.18
191-10455-30,C0455,CTA AHORROS SOLES,Miraflores,23/01/2016,6212.77
191-10456-66,C0456,CTA AHORROS DOLARES,Surco,11/07/2021,1305.29
191-10457-33,C0457,NA,Surco,14/03/2011,2363.32
191-10458-67,C0458,NA,San Isidro,06/12/2012,981.02
191-10459-26,C0459,NA,Miraflores,12/01/2021,762.11
191-10460-24,C0460,NA,San Isidro,06/05/2024,11017.49
191-10461-60,C0461,NA,Cajamarca,22/01/2017,2509.21
191-10462-60,C0462,CTA AHORROS SOLES,Miraflores,14/04/2023,9205.19
191-10463-44,C0463,NA,Lince,20/04/2018,10637.73
191-10464-72,C0464,CTA AHORROS DOLARES,Callao,07/01/2021,1351.74
191-10465-81,C0465,CTA AHORROS SOLES,Callao,09/02/2012,13327.69
191-10466-68,C0466,CTA AHORROS DOLARES,Lince,02/11/2022,14222.18
191-10467-70,C0467,CTA CORRIENTE,Lince,26/07/2014,3526.65
191-10468-35,C0468,CTA CORRIENTE,Surco,16/10/2016,9887.65
191-10469-42,C0469,CTA AHORROS SOLES,La Molina,11/08/2019,11007.46
191-10470-51,C0470,CTA AHORROS SOLES,Callao,11/06/2022,2354.18
191-10471-46,C0471,CTA AHORROS DOLARES,Miraflores,20/09/2012,9655.01
191-10472-53,C0472,CTA CORRIENTE,Callao,26/06/2014,14489.83
191-10473-70,C0473,CTA CORRIENTE,San Isidro,22/12/2023,7974.0
191-10474-21,C0474,NA,Cajamarca,04/08/2021,11649.12
191-10475-73,C0475,CTA AHORROS SOLES,Lince,01/01/2011,5638.74
191-10476-16,C0476,CTA CORRIENTE,Cajamarca,02/08/2022,7962.04
191-10477-69,C0477,CTA AHORROS SOLES,Lince,30/04/2015,688.11
191-10478-81,C0478,CTA AHORROS SOLES,Lince,10/05/2023,8729.16
191-10479-29,C0479,CTA AHORROS DOLARES,Cajamarca,05/12/2024,639.71
191-10480-30,C0480,CTA AHORROS SOLES,Miraflores,16/11/2024,8177.26
191-10481-88,C0481,NA,Miraflores,06/10/2012,5746.54
191-10482-71,C0482,CTA AHORROS DOLARES,Cajamarca,02/09/2023,13542.3
191-10483-73,C0483,CTA AHORROS DOLARES,Surco,28/03/2011,11760.94
191-10484-66,C0484,NA,San Isidro,19/03/2012,4546.16
191-10485-75,C0485,CTA CORRIENTE,Miraflores,06/04/2011,4948.69
191-10486-22,C0486,CTA CORRIENTE,San Isidro,31/08/2014,3289.51
191-10487-95,C0487,CTA AHORROS SOLES,Surco,09/06/2022,4333.12
191-10488-46,C0488,CTA CORRIENTE,Cajamarca,28/03/2011,14747.05
191-10489-27,C0489,NA,Lince,07/11/2010,2514.45
191-10490-97,C0490,NA,Surco,25/03/2015,3120.7
191-10491-99,C0491,CTA AHORROS DOLARES,La Molina,10/12/2018,7053.18
191-10492-55,C0492,CTA AHORROS SOLES,Cajamarca,14/01/2014,11904.58
191-10493-17,C0493,NA,Miraflores,02/01/2017,5931.94
191-10494-58,C0494,NA,Miraflores,15/10/2020,14975.73
191-10495-72,C0495,CTA AHORROS DOLARES,Miraflores,22/04/2018,9775.67
191-10496-96,C0496,CTA CORRIENTE,Callao,07/04/2011,3837.2
191-10497-47,C0497,NA,Lince,04/06/2022,1053.94
191-10498-96,C0498,CTA AHORROS DOLARES,Miraflores,18/01/2017,11326.17
191-10499-25,C0499,CTA CORRIENTE,Miraflores,23/04/2012,2697.69
191-10500-71,C0500,CTA AHORROS SOLES,San Isidro,25/02/2010,7892.95
191-10501-68,C0501,CTA AHORROS DOLARES,Miraflores,15/03/2018,12734.11
191-10502-99,C0502,CTA AHORROS DOLARES,Surco,20/05/2020,13030.06
191-10503-80,C0503,NA,La Molina,24/03/2019,10233.74
191-10504-28,C0504,CTA CORRIENTE,San Isidro,22/11/2021,6172.26
191-10505-99,C0505,CTA CORRIENTE,La Molina,07/12/2021,9159.66
191-10506-87,C0506,NA,Surco,14/05/2017,12097.5
191-10507-61,C0507,NA,Lince,27/10/2010,7941.24
191-10508-23,C0508,CTA AHORROS SOLES,Surco,26/06/2010,12415.38
191-10509-49,C0509,NA,La Molina,09/01/2012,7895.97
191-10510-86,C0510,NA,Miraflores,04/05/2022,4998.12
191-10511-84,C0511,CTA AHORROS SOLES,Surco,21/02/2020,12509.56
191-10512-26,C0512,NA,Callao,31/05/2017,6640.97
191-10513-17,C0513,CTA AHORROS DOLARES,Miraflores,26/11/2011,3241.97
191-10514-35,C0514,CTA CORRIENTE,Surco,19/12/2013,5716.91
191-10515-73,C0515,NA,San Isidro,20/02/2023,2004.64
191-10516-74,C0516,CTA CORRIENTE,Cajamarca,16/10/2011,7352.56
191-10517-26,C0517,CTA CORRIENTE,Callao,07/09/2020,10706.8
191-10518-50,C0518,NA,Lince,11/04/2022,4286.63
191-10519-63,C0519,CTA AHORROS SOLES,Callao,01/07/2012,12378.36
191-10520-50,C0520,CTA AHORROS DOLARES,Callao,01/05/2021,13945.81
191-10521-12,C0521,CTA CORRIENTE,La Molina,01/03/2020,10672.67
191-10522-83,C0522,CTA AHORROS SOLES,Callao,21/02/2015,3350.3
191-10523-25,C0523,NA,Lince,25/01/2023,9624.07
191-10524-70,C0524,CTA CORRIENTE,La Molina,19/12/2018,6329.04
191-10525-23,C0525,CTA CORRIENTE,Miraflores,19/05/2022,6786.99
191-10526-29,C0526,CTA CORRIENTE,Miraflores,09/08/2024,13614.5
191-10527-14,C0527,CTA AHORROS DOLARES,Lince,23/03/2018,4804.4
191-10528-55,C0528,CTA AHORROS SOLES,Cajamarca,21/07/2010,9622.38
191-10529-64,C0529,NA,Lince,22/05/2015,9030.05
191-10530-97,C0530,CTA AHORROS DOLARES,La Molina,14/08/2024,13539.71
191-10531-79,C0531,CTA AHORROS SOLES,Miraflores,13/11/2020,11146.2
191-10532-62,C0532,CTA AHORROS DOLARES,La Molina,06/10/2017,3355.79
191-10533-80,C0533,CTA CORRIENTE,Miraflores,13/09/2010,9188.87
191-10534-99,C0534,NA,La Molina,03/08/2013,7439.9
191-10535-93,C0535,CTA AHORROS DOLARES,Callao,13/06/2022,7888.45
191-10536-27,C0536,CTA AHORROS DOLARES,San Isidro,26/05/2012,2262.62
191-10537-49,C0537,CTA AHORROS SOLES,San Isidro,09/03/2011,2949.55
191-10538-56,C0538,CTA AHORROS DOLARES,Miraflores,09/09/2020,4217.84
191-10539-94,C0539,CTA AHORROS DOLARES,Cajamarca,29/04/2011,2214.87
191-10540-39,C0540,CTA AHORROS DOLARES,Surco,09/08/2019,1681.39
191-10541-45,C0541,CTA AHORROS DOLARES,Callao,02/08/2012,8010.65
191-10542-16,C0542,CTA AHORROS SOLES,Cajamarca,15/05/2010,9245.97
191-10543-34,C0543,CTA CORRIENTE,San Isidro,05/06/2021,9878.5
191-10544-57,C0544,CTA AHORROS SOLES,Callao,21/10/2020,12262.95
191-10545-29,C0545,CTA AHORROS DOLARES,Lince,12/10/2016,14547.61
191-10546-75,C0546,NA,Surco,06/09/2014,2122.29
191-10547-30,C0547,CTA AHORROS DOLARES,Lince,26/10/2023,14324.72
191-10548-10,C0548,CTA AHORROS SOLES,Surco,01/03/2020,14601.59
191-10549-56,C0549,NA,Miraflores,19/10/2012,3455.98
191-10550-35,C0550,NA,Callao,13/02/2024,11792.71
191-10551-89,C0551,CTA AHORROS DOLARES,Callao,12/06/2013,13410.96
191-10552-38,C0552,CTA CORRIENTE,La Molina,03/10/2015,5309.23
191-10553-99,C0553,CTA CORRIENTE,La Molina,09/06/2021,10664.04
191-10554-89,C0554,NA,Cajamarca,06/09/2015,9671.53
191-10555-19,C0555,CTA AHORROS DOLARES,San Isidro,17/08/2015,646.43
191-10556-61,C0556,CTA AHORROS SOLES,Miraflores,26/03/2016,1398.63
191-10557-11,C0557,CTA AHORROS SOLES,Cajamarca,20/05/2021,11378.52
191-10558-50,C0558,CTA AHORROS SOLES,Callao,19/05/2011,6391.65
191-10559-32,C0559,CTA AHORROS SOLES,Lince,08/06/2013,4797.8
191-10560-58,C0560,NA,Surco,02/09/2021,7917.18
191-10561-33,C0561,CTA CORRIENTE,Cajamarca,25/10/2024,6122.03
191-10562-26,C0562,CTA AHORROS DOLARES,San Isidro,14/04/2012,5972.9
191-10563-78,C0563,CTA AHORROS SOLES,Cajamarca,22/02/2019,7585.26
191-10564-91,C0564,CTA AHORROS DOLARES,La Molina,12/10/2011,9093.34
191-10565-16,C0565,CTA AHORROS DOLARES,Callao,21/04/2018,12105.17
191-10566-99,C0566,NA,Lince,07/02/2018,4549.12
191-10567-16,C0567,CTA AHORROS SOLES,Miraflores,10/02/2018,6268.38
191-10568-85,C0568,CTA AHORROS SOLES,San Isidro,01/10/2016,4301.05
191-10569-74,C0569,CTA AHORROS DOLARES,Surco,30/12/2018,4816.18
191-10570-11,C0570,NA,Lince,04/11/2019,9658.78
191-10571-76,C0571,CTA AHORROS DOLARES,Surco,14/07/2023,5242.07
191-10572-54,C0572,CTA AHORROS SOLES,San Isidro,30/03/2023,10388.14
191-10573-92,C0573,CTA AHORROS DOLARES,Cajamarca,21/01/2023,1431.22
191-10574-73,C0574,CTA CORRIENTE,San Isidro,16/02/2023,12303.53
191-10575-89,C0575,NA,Cajamarca,17/02/2022,12292.13
191-10576-29,C0576,CTA CORRIENTE,Lince,02/07/2013,10729.94
191-10577-37,C0577,CTA CORRIENTE,Cajamarca,15/12/2011,2912.98
191-10578-92,C0578,CTA AHORROS SOLES,Lince,04/04/2020,13513.1
191-10579-77,C0579,CTA AHORROS SOLES,Surco,21/01/2018,12517.51
191-10580-83,C0580,CTA AHORROS DOLARES,Cajamarca,29/01/2014,3581.83
191-10581-73,C0581,CTA AHORROS DOLARES,Lince,13/05/2010,13155.05
191-10582-56,C0582,CTA AHORROS DOLARES,Lince,02/10/2023,4590.14
191-10583-94,C0583,CTA AHORROS SOLES,Lince,07/06/2017,4274.85
191-10584-62,C0584,CTA AHORROS SOLES,Callao,27/09/2012,12009.15
191-10585-49,C0585,NA,Callao,01/04/2022,13679.71
191-10586-82,C0586,NA,San Isidro,12/05/2010,2562.13
191-10587-70,C0587,NA,Callao,02/12/2010,6065.88
191-10588-32,C0588,CTA AHORROS DOLARES,Miraflores,02/09/2014,12639.3
191-10589-87,C0589,NA,Callao,09/04/2016,857.78
191-10590-20,C0590,CTA AHORROS DOLARES,Lince,26/02/2019,13704.01
191-10591-34,C0591,NA,Cajamarca,21/05/2019,4500.77
191-10592-88,C0592,NA,Callao,27/07/2024,14435.93
191-10593-16,C0593,CTA AHORROS DOLARES,Surco,01/12/2021,13402.95
191-10594-42,C0594,CTA CORRIENTE,Miraflores,07/01/2013,2143.11
191-10595-65,C0595,NA,Callao,29/02/2020,12043.56
191-10596-40,C0596,NA,Callao,21/03/2023,14545.1
191-10597-30,C0597,NA,Lince,17/11/2021,11382.09
191-10598-17,C0598,CTA AHORROS SOLES,Cajamarca,20/09/2021,7057.78
191-10599-29,C0599,NA,Miraflores,06/01/2010,7660.64
191-10600-50,C0600,CTA CORRIENTE,Cajamarca,17/11/2019,10587.84
191-10601-54,C0601,CTA AHORROS SOLES,La Molina,12/08/2015,10917.84
191-10602-90,C0602,NA,Surco,09/02/2016,1151.69
191-10603-87,C0603,CTA AHORROS DOLARES,Miraflores,28/11/2021,10194.66
191-10604-85,C0604,NA,San Isidro,15/05/2024,3036.42
191-10605-57,C0605,NA,San Isidro,21/02/2016,3648.12
191-10606-77,C0606,CTA AHORROS SOLES,La Molina,15/01/2023,13678.37
191-10607-76,C0607,CTA CORRIENTE,Surco,22/04/2011,7853.85
191-10608-40,C0608,NA,Lince,10/02/2018,5007.63
191-10609-77,C0609,CTA AHORROS DOLARES,Callao,07/02/2022,4426.69
191-10610-87,C0610,CTA AHORROS SOLES,Lince,24/06/2018,2912.85
191-10611-65,C0611,CTA CORRIENTE,San Isidro,01/09/2011,617.4
191-10612-78,C0612,CTA CORRIENTE,Miraflores,07/05/2015,7897.93
191-10613-84,C0613,CTA CORRIENTE,Lince,22/01/2010,1862.93
191-10614-83,C0614,CTA AHORROS SOLES,Miraflores,31/07/2020,5484.19
191-10615-30,C0615,CTA AHORROS DOLARES,Cajamarca,28/01/2021,13928.36
191-10616-85,C0616,CTA AHORROS DOLARES,San Isidro,23/12/2010,6257.38
191-10617-34,C0617,CTA AHORROS SOLES,San Isidro,27/03/2013,5366.3
191-10618-64,C0618,CTA AHORROS SOLES,Lince,14/10/2010,2840.7
191-10619-30,C0619,CTA CORRIENTE,San Isidro,24/01/2017,3554.75
191-10620-29,C0620,CTA AHORROS SOLES,La Molina,22/01/2011,10419.4
191-10621-87,C0621,CTA AHORROS SOLES,Cajamarca,11/07/2016,14513.47
191-10622-24,C0622,CTA AHORROS SOLES,La Molina,20/07/2019,2868.27
191-10623-42,C0623,CTA CORRIENTE,Callao,24/06/2014,10898.58
191-10624-61,C0624,NA,Lince,09/01/2016,6335.6
191-10625-83,C0625,CTA CORRIENTE,Lince,04/04/2015,12220.21
191-10626-41,C0626,CTA AHORROS DOLARES,Callao,01/11/2020,8854.59
191-10627-78,C0627,CTA AHORROS SOLES,Cajamarca,16/04/2014,14309.27
191-10628-18,C0628,NA,La Molina,03/02/2021,4303.32
191-10629-15,C0629,NA,Callao,28/05/2022,1265.2
191-10630-13,C0630,CTA CORRIENTE,Surco,19/04/2018,5199.62
191-10631-27,C0631,CTA CORRIENTE,San Isidro,30/04/2018,10240.92
191-10632-17,C0632,NA,Cajamarca,27/11/2010,3903.1
191-10633-97,C0633,CTA AHORROS DOLARES,La Molina,03/04/2024,11792.57
191-10634-97,C0634,CTA AHORROS SOLES,Cajamarca,15/03/2010,7404.73
191-10635-36,C0635,NA,Cajamarca,21/11/2018,7772.25
191-10636-11,C0636,CTA CORRIENTE,Lince,15/07/2019,3624.56
191-10637-17,C0637,NA,Lince,22/05/2018,6670.32
191-10638-83,C0638,CTA CORRIENTE,San Isidro,27/09/2021,8039.19
191-10639-40,C0639,CTA AHORROS DOLARES,Callao,22/04/2010,7871.9
191-10640-38,C0640,NA,Lince,21/11/2016,4780.49
191-10641-71,C0641,NA,Surco,03/03/2015,14243.1
191-10642-57,C0642,CTA AHORROS SOLES,La Molina,26/06/2016,6839.58
191-10643-65,C0643,CTA AHORROS DOLARES,Surco,07/03/2010,2127.68
191-10644-35,C0644,NA,Miraflores,29/09/2013,9983.5
191-10645-13,C0645,NA,Callao,27/02/2014,11739.07
191-10646-16,C0646,CTA AHORROS SOLES,Lince,24/09/2015,3881.06
191-10647-92,C0647,NA,Lince,15/02/2011,3652.04
191-10648-69,C0648,NA,Callao,28/10/2022,10787.77
191-10649-52,C0649,CTA AHORROS SOLES,Callao,28/12/2022,8087.61
191-10650-71,C0650,CTA CORRIENTE,La Molina,01/10/2011,13415.24
191-10651-69,C0651,CTA AHORROS SOLES,Surco,30/08/2024,6484.53
191-10652-86,C0652,CTA AHORROS SOLES,Lince,17/06/2014,12890.86
191-10653-35,C0653,CTA AHORROS SOLES,Callao,15/07/2016,7306.79
191-10654-10,C0654,CTA AHORROS DOLARES,La Molina,12/06/2010,1944.07
191-10655-77,C0655,CTA CORRIENTE,Surco,25/09/2020,8472.71
191-10656-81,C0656,CTA AHORROS DOLARES,Surco,18/01/2013,2371.11
191-10657-93,C0657,CTA AHORROS DOLARES,San Isidro,17/11/2013,10891.85
191-10658-27,C0658,CTA AHORROS SOLES,Callao,23/04/2019,11276.64
191-10659-78,C0659,CTA AHORROS SOLES,Lince,09/07/2012,14424.91
191-10660-23,C0660,CTA AHORROS DOLARES,La Molina,17/07/2015,8558.58
191-10661-73,C0661,CTA AHORROS SOLES,Lince,16/11/2012,8146.91
191-10662-74,C0662,CTA CORRIENTE,Miraflores,14/06/2012,1553.79
191-10663-19,C0663,NA,Miraflores,16/05/2010,14034.54
191-10664-71,C0664,CTA AHORROS DOLARES,Lince,15/01/2013,5686.92
191-10665-66,C0665,NA,Cajamarca,14/09/2011,11300.91
191-10666-14,C0666,CTA AHORROS DOLARES,San Isidro,27/01/2011,4389.35
191-10667-19,C0667,CTA AHORROS SOLES,San Isidro,21/12/2011,6157.04
191-10668-61,C0668,NA,Lince,27/09/2015,4153.97
191-10669-10,C0669,CTA CORRIENTE,Miraflores,05/02/2017,8012.07
191-10670-37,C0670,CTA CORRIENTE,Miraflores,23/03/2020,13831.7
191-10671-57,C0671,CTA AHORROS SOLES,Cajamarca,04/05/2019,7150.0
191-10672-97,C0672,CTA AHORROS DOLARES,San Isidro,21/02/2010,1055.04
191-10673-85,C0673,CTA AHORROS DOLARES,Cajamarca,16/11/2023,2909.61
191-10674-60,C0674,NA,Lince,12/01/2014,12144.32
191-10675-36,C0675,NA,Cajamarca,20/02/2011,13003.02
191-10676-30,C0676,CTA AHORROS DOLARES,Cajamarca,30/04/2021,10707.66
191-10677-78,C0677,CTA AHORROS DOLARES,Callao,20/11/2022,4493.41
191-10678-51,C0678,NA,Surco,11/08/2014,8326.42
191-10679-35,C0679,CTA AHORROS SOLES,Callao,20/09/2010,1118.8
191-10680-83,C0680,CTA CORRIENTE,La Molina,20/03/2012,3526.59
191-10681-36,C0681,NA,Cajamarca,19/12/2020,10319.94
191-10682-99,C0682,NA,Cajamarca,05/09/2023,9166.0
191-10683-38,C0683,CTA AHORROS DOLARES,Callao,21/01/2018,1880.29
191-10684-77,C0684,NA,Surco,23/12/2012,4990.15
191-10685-30,C0685,NA,La Molina,09/02/2022,1051.18
191-10686-29,C0686,CTA CORRIENTE,La Molina,07/11/2016,4429.88
191-10687-47,C0687,CTA AHORROS DOLARES,San Isidro,29/09/2020,9744.98
191-10688-44,C0688,CTA AHORROS DOLARES,Callao,02/10/2017,8325.53
191-10689-42,C0689,NA,Callao,19/12/2014,10371.96
191-10690-24,C0690,CTA CORRIENTE,Cajamarca,23/03/2022,8051.77
191-10691-77,C0691,CTA AHORROS SOLES,San Isidro,12/11/2018,11328.28
191-10692-23,C0692,CTA AHORROS SOLES,Surco,18/12/2010,3345.14
191-10693-62,C0693,CTA AHORROS SOLES,Callao,25/12/2017,8794.76
191-10694-22,C0694,NA,Surco,02/01/2017,10536.46
191-10695-47,C0695,CTA AHORROS SOLES,San Isidro,12/01/2021,6730.37
191-10696-23,C0696,NA,Callao,17/05/2014,7226.4
191-10697-21,C0697,CTA AHORROS SOLES,La Molina,29/12/2015,8867.45
191-10698-77,C0698,CTA AHORROS DOLARES,San Isidro,17/01/2013,888.92
191-10699-22,C0699,CTA CORRIENTE,Callao,10/11/2019,2704.39
191-10700-69,C0700,CTA CORRIENTE,La Molina,22/07/2012,13790.48
191-10701-35,C0701,CTA CORRIENTE,Miraflores,23/11/2024,3220.4
191-10702-74,C0702,NA,Miraflores,28/06/2012,6566.86
191-10703-67,C0703,CTA CORRIENTE,Lince,27/02/2015,8938.89
191-10704-94,C0704,CTA AHORROS SOLES,Callao,17/04/2013,5282.06
191-10705-61,C0705,CTA AHORROS SOLES,Cajamarca,10/09/2011,8011.97
191-10706-29,C0706,CTA AHORROS DOLARES,Lince,10/06/2022,5534.91
191-10707-43,C0707,CTA CORRIENTE,San Isidro,12/11/2010,7333.77
191-10708-70,C0708,CTA CORRIENTE,Callao,07/04/2020,11305.19
191-10709-71,C0709,CTA AHORROS DOLARES,Miraflores,01/08/2024,14158.44
191-10710-73,C0710,CTA AHORROS SOLES,Cajamarca,02/06/2021,6142.48
191-10711-56,C0711,CTA CORRIENTE,Callao,06/05/2012,8623.68
191-10712-15,C0712,CTA CORRIENTE,Cajamarca,22/03/2017,9160.39
191-10713-74,C0713,NA,Miraflores,06/12/2014,11997.22
191-10714-53,C0714,CTA AHORROS DOLARES,Lince,14/10/2017,13921.37
191-10715-89,C0715,NA,Surco,21/09/2010,12138.32
191-10716-14,C0716,CTA AHORROS SOLES,La Molina,09/03/2018,14817.84
191-10717-13,C0717,CTA CORRIENTE,La Molina,20/02/2011,8955.54
191-10718-80,C0718,CTA CORRIENTE,Lince,18/03/2019,1256.28
191-10719-18,C0719,NA,Surco,28/07/2013,12063.15
191-10720-29,C0720,CTA CORRIENTE,Miraflores,01/09/2022,13471.43
191-10721-28,C0721,CTA AHORROS DOLARES,Lince,03/07/2011,9254.83
191-10722-92,C0722,NA,Callao,23/10/2017,3723.39
191-10723-44,C0723,CTA CORRIENTE,Miraflores,19/11/2024,6770.33
191-10724-71,C0724,CTA AHORROS SOLES,San Isidro,14/04/2017,713.5
191-10725-28,C0725,CTA CORRIENTE,Miraflores,15/06/2010,6177.25
191-10726-85,C0726,CTA AHORROS SOLES,Miraflores,20/12/2013,3587.42
191-10727-55,C0727,CTA AHORROS DOLARES,Callao,30/10/2021,5247.5
191-10728-51,C0728,CTA AHORROS SOLES,Callao,24/09/2012,13876.82
191-10729-59,C0729,CTA AHORROS DOLARES,Surco,07/12/2010,5414.1
191-10730-37,C0730,CTA AHORROS DOLARES,Lince,08/12/2014,6859.85
191-10731-31,C0731,CTA AHORROS SOLES,Callao,02/02/2021,3448.94
191-10732-81,C0732,NA,Cajamarca,27/09/2013,9400.12
191-10733-12,C0733,NA,La Molina,21/11/2021,10943.8
191-10734-59,C0734,NA,Lince,07/05/2023,14261.4
191-10735-23,C0735,CTA AHORROS SOLES,Surco,10/12/2019,9050.23
191-10736-88,C0736,CTA CORRIENTE,Cajamarca,06/03/2017,13898.25
191-10737-37,C0737,NA,La Molina,20/03/2023,2921.72
191-10738-91,C0738,CTA CORRIENTE,Callao,30/05/2013,4526.8
191-10739-12,C0739,CTA AHORROS SOLES,Surco,13/10/2022,14960.33
191-10740-76,C0740,CTA CORRIENTE,La Molina,03/07/2011,1473.65
191-10741-65,C0741,NA,Lince,30/07/2023,2100.99
191-10742-94,C0742,CTA AHORROS DOLARES,Miraflores,25/09/2011,9579.07
191-10743-89,C0743,CTA AHORROS DOLARES,La Molina,02/12/2022,8887.5
191-10744-68,C0744,CTA AHORROS SOLES,Surco,10/11/2023,5745.41
191-10745-43,C0745,NA,Callao,05/03/2016,8120.68
191-10746-80,C0746,NA,Cajamarca,15/02/2015,2867.47
191-10747-74,C0747,CTA AHORROS SOLES,Lince,17/05/2021,3453.05
191-10748-62,C0748,CTA AHORROS DOLARES,Cajamarca,03/11/2010,2600.82
191-10749-85,C0749,NA,San Isidro,04/03/2011,1091.99
191-10750-36,C0750,CTA AHORROS DOLARES,Cajamarca,28/02/2016,4838.69
191-10751-82,C0751,CTA AHORROS SOLES,La Molina,22/02/2023,13338.58
191-10752-96,C0752,CTA AHORROS SOLES,Callao,12/08/2015,14690.24
191-10753-66,C0753,CTA AHORROS DOLARES,Surco,04/07/2021,10669.29
191-10754-75,C0754,CTA AHORROS DOLARES,San Isidro,02/03/2023,620.18
191-10755-88,C0755,CTA AHORROS SOLES,Miraflores,05/05/2012,14242.5
191-10756-65,C0756,NA,San Isidro,26/12/2022,7105.17
191-10757-61,C0757,CTA AHORROS DOLARES,Surco,04/07/2023,6230.53
191-10758-99,C0758,CTA AHORROS SOLES,Callao,15/07/2024,4480.49
191-10759-97,C0759,CTA AHORROS SOLES,San Isidro,20/09/2011,6189.11
191-10760-19,C0760,CTA AHORROS SOLES,Lince,23/01/2010,6430.98
191-10761-21,C0761,CTA AHORROS DOLARES,San Isidro,04/04/2019,3745.01
191-10762-60,C0762,NA,La Molina,13/08/2015,6178.61
191-10763-32,C0763,NA,Miraflores,29/09/2018,3245.23
191-10764-78,C0764,CTA AHORROS SOLES,La Molina,27/06/2015,3104.55
191-10765-61,C0765,CTA AHORROS SOLES,Miraflores,28/06/2021,3689.13
191-10766-54,C0766,NA,San Isidro,04/02/2022,13679.61
191-10767-32,C0767,CTA AHORROS SOLES,Lince,24/11/2014,7182.92
191-10768-29,C0768,NA,Lince,19/09/2017,1423.73
191-10769-65,C0769,CTA AHORROS SOLES,Cajamarca,01/06/2021,10701.74
191-10770-39,C0770,NA,Callao,26/03/2019,9284.37
191-10771-52,C0771,CTA AHORROS DOLARES,Surco,02/04/2012,9167.44
191-10772-32,C0772,NA,Miraflores,18/11/2016,8103.1
191-10773-45,C0773,CTA AHORROS DOLARES,Lince,21/06/2023,13711.47
191-10774-71,C0774,CTA AHORROS SOLES,Callao,06/05/2013,6073.91
191-10775-17,C0775,NA,Surco,10/05/2015,11904.15
191-10776-36,C0776,CTA AHORROS SOLES,San Isidro,06/02/2012,5548.92
191-10777-19,C0777,CTA AHORROS DOLARES,Callao,13/03/2010,9186.54
191-10778-80,C0778,CTA CORRIENTE,Miraflores,24/03/2021,12508.61
191-10779-74,C0779,NA,Lince,16/11/2024,3013.43
191-10780-47,C0780,CTA AHORROS DOLARES,Cajamarca,26/11/2011,10236.77
191-10781-81,C0781,CTA AHORROS SOLES,La Molina,09/06/2024,6858.22
191-10782-82,C0782,CTA CORRIENTE,Miraflores,05/02/2016,9241.74
191-10783-52,C0783,CTA CORRIENTE,Callao,05/04/2011,6504.18
191-10784-97,C0784,CTA CORRIENTE,Surco,11/08/2012,3252.68
191-10785-54,C0785,CTA AHORROS DOLARES,Miraflores,30/04/2014,11527.84
191-10786-26,C0786,CTA AHORROS DOLARES,Callao,20/07/2014,8879.3
191-10787-10,C0787,CTA AHORROS SOLES,Miraflores,27/04/2022,10675.09
191-10788-84,C0788,NA,Surco,05/03/2021,5157.38
191-10789-42,C0789,CTA AHORROS DOLARES,Surco,15/03/2016,4479.61
191-10790-56,C0790,CTA CORRIENTE,Miraflores,07/07/2014,9745.86
191-10791-16,C0791,CTA AHORROS DOLARES,Cajamarca,14/01/2019,11606.21
191-10792-23,C0792,NA,Surco,13/07/2019,13810.85
191-10793-61,C0793,NA,Cajamarca,21/09/2012,5641.26
191-10794-86,C0794,NA,Miraflores,15/10/2011,10503.08
191-10795-93,C0795,CTA CORRIENTE,Surco,16/08/2019,7474.73
191-10796-52,C0796,NA,La Molina,25/11/2011,2917.4
191-10797-69,C0797,NA,Cajamarca,06/05/2022,14400.27
191-10798-17,C0798,CTA AHORROS SOLES,Cajamarca,16/03/2018,3893.61
191-10799-71,C0799,CTA AHORROS SOLES,San Isidro,15/04/2013,7239.11
191-10800-59,C0800,CTA CORRIENTE,Lince,08/04/2013,12437.44
191-10801-93,C0801,CTA CORRIENTE,Callao,26/06/2016,4553.84
191-10802-73,C0802,CTA CORRIENTE,La Molina,15/10/2017,7875.58
191-10803-40,C0803,CTA AHORROS DOLARES,La Molina,28/12/2018,5199.01
191-10804-80,C0804,CTA AHORROS SOLES,La Molina,14/12/2014,10973.31
191-10805-80,C0805,CTA AHORROS SOLES,Surco,22/10/2020,3688.71
191-10806-78,C0806,CTA AHORROS SOLES,La Molina,10/04/2013,9519.1
191-10807-17,C0807,CTA AHORROS DOLARES,Callao,22/06/2014,5154.95
191-10808-61,C0808,CTA AHORROS DOLARES,La Molina,13/03/2014,1855.52
191-10809-82,C0809,CTA CORRIENTE,Miraflores,09/06/2019,10044.31
191-10810-80,C0810,CTA AHORROS DOLARES,Callao,29/04/2023,2097.51
191-10811-86,C0811,NA,San Isidro,29/03/2021,1642.39
191-10812-88,C0812,CTA CORRIENTE,Cajamarca,06/08/2019,13494.16
191-10813-51,C0813,CTA AHORROS DOLARES,San Isidro,25/01/2024,6670.26
191-10814-74,C0814,CTA AHORROS DOLARES,San Isidro,02/01/2010,7535.87
191-10815-53,C0815,CTA AHORROS DOLARES,Lince,27/02/2016,6192.6
191-10816-94,C0816,CTA CORRIENTE,Miraflores,15/01/2014,1136.2
191-10817-26,C0817,NA,Callao,28/08/2017,7090.08
191-10818-22,C0818,CTA CORRIENTE,Lince,12/06/2022,10317.93
191-10819-22,C0819,CTA CORRIENTE,Cajamarca,06/10/2022,12573.05
191-10820-62,C0820,CTA AHORROS DOLARES,Cajamarca,27/09/2023,10755.8
191-10821-11,C0821,CTA CORRIENTE,Lince,02/07/2024,14596.63
191-10822-78,C0822,CTA CORRIENTE,Lince,05/01/2015,9975.18
191-10823-63,C0823,NA,Cajamarca,19/08/2013,707.97
191-10824-87,C0824,CTA CORRIENTE,Surco,07/12/2019,6325.91
191-10825-35,C0825,CTA CORRIENTE,Miraflores,01/01/2025,2854.57
191-10826-98,C0826,CTA AHORROS DOLARES,Callao,05/02/2014,4644.61
191-10827-51,C0827,CTA AHORROS SOLES,Cajamarca,29/09/2021,1297.44
191-10828-41,C0828,CTA AHORROS DOLARES,Surco,25/11/2021,4634.92
191-10829-57,C0829,CTA AHORROS SOLES,San Isidro,19/12/2019,8502.41
191-10830-79,C0830,NA,Callao,17/10/2015,14218.59
191-10831-99,C0831,NA,Miraflores,09/05/2013,11458.65
191-10832-29,C0832,NA,Callao,11/12/2016,2466.5
191-10833-12,C0833,CTA CORRIENTE,Callao,04/09/2017,9745.47
191-10834-31,C0834,CTA AHORROS SOLES,La Molina,23/06/2018,10882.35
191-10835-72,C0835,CTA AHORROS DOLARES,La Molina,11/03/2023,7876.98
191-10836-59,C0836,NA,Callao,11/10/2013,7482.74
191-10837-48,C0837,CTA CORRIENTE,Cajamarca,24/09/2012,1622.22
191-10838-87,C0838,NA,Surco,21/08/2022,10982.65
191-10839-95,C0839,CTA CORRIENTE,La Molina,14/06/2016,3796.13
191-10840-99,C0840,CTA AHORROS DOLARES,Surco,27/12/2017,2397.51
191-10841-10,C0841,NA,Callao,02/10/2010,10001.67
191-10842-44,C0842,CTA CORRIENTE,Surco,04/07/2024,11672.16
191-10843-47,C0843,NA,La Molina,13/03/2017,11863.58
191-10844-45,C0844,CTA AHORROS DOLARES,Lince,09/05/2022,3483.4
191-10845-18,C0845,NA,Surco,08/07/2019,6326.83
191-10846-40,C0846,CTA AHORROS DOLARES,Cajamarca,22/08/2024,11224.44
191-10847-46,C0847,CTA AHORROS DOLARES,La Molina,22/04/2011,9326.15
191-10848-99,C0848,CTA AHORROS SOLES,Lince,17/10/2018,2426.6
191-10849-30,C0849,CTA AHORROS SOLES,Callao,08/01/2012,5156.63
191-10850-64,C0850,CTA AHORROS SOLES,Lince,22/04/2011,12083.36
191-10851-50,C0851,CTA CORRIENTE,Miraflores,24/05/2017,1723.12
191-10852-67,C0852,CTA AHORROS DOLARES,Surco,04/07/2013,4445.91
191-10853-14,C0853,NA,Callao,24/05/2022,1283.3
191-10854-45,C0854,CTA CORRIENTE,Cajamarca,16/12/2017,1469.77
191-10855-22,C0855,CTA AHORROS DOLARES,La Molina,08/12/2022,8250.29
191-10856-47,C0856,CTA AHORROS SOLES,Miraflores,12/09/2014,13322.71
191-10857-83,C0857,CTA AHORROS SOLES,Cajamarca,07/05/2011,13850.21
191-10858-25,C0858,CTA CORRIENTE,La Molina,26/10/2023,1606.58
191-10859-20,C0859,NA,La Molina,10/04/2010,13523.71
191-10860-46,C0860,CTA AHORROS SOLES,Miraflores,01/07/2020,4535.3
191-10861-61,C0861,CTA AHORROS DOLARES,Miraflores,15/10/2020,14471.98
191-10862-81,C0862,CTA AHORROS DOLARES,Callao,16/05/2013,10067.31
191-10863-68,C0863,CTA CORRIENTE,La Molina,26/09/2010,1065.34
191-10864-86,C0864,CTA AHORROS SOLES,San Isidro,18/04/2022,6479.79
191-10865-95,C0865,CTA AHORROS DOLARES,Callao,16/02/2019,14247.88
191-10866-65,C0866,CTA CORRIENTE,Cajamarca,24/08/2024,2153.79
191-10867-28,C0867,CTA CORRIENTE,Surco,19/10/2016,8758.45
191-10868-26,C0868,CTA AHORROS SOLES,La Molina,07/06/2021,14513.06
191-10869-80,C0869,CTA AHORROS SOLES,Miraflores,13/10/2024,4817.51
191-10870-95,C0870,CTA AHORROS DOLARES,Callao,16/10/2019,1763.77
191-10871-77,C0871,NA,Surco,19/02/2015,14226.4
191-10872-36,C0872,NA,Miraflores,15/01/2024,1811.17
191-10873-63,C0873,CTA CORRIENTE,Callao,18/10/2018,6298.2
191-10874-82,C0874,CTA AHORROS SOLES,La Molina,21/07/2014,1733.08
191-10875-87,C0875,CTA AHORROS DOLARES,Callao,21/02/2010,2356.56
191-10876-99,C0876,CTA AHORROS SOLES,San Isidro,28/05/2018,3003.45
191-10877-60,C0877,NA,Lince,14/01/2018,2178.92
191-10878-43,C0878,CTA AHORROS DOLARES,La Molina,11/02/2022,11964.23
191-10879-75,C0879,CTA AHORROS DOLARES,Lince,25/05/2017,13951.05
191-10880-77,C0880,CTA CORRIENTE,La Molina,21/01/2023,10543.75
191-10881-30,C0881,NA,Miraflores,04/03/2020,1767.07
191-10882-74,C0882,NA,Cajamarca,12/10/2020,10267.27
191-10883-81,C0883,CTA AHORROS SOLES,Miraflores,07/10/2010,5590.16
191-10884-97,C0884,NA,Cajamarca,12/06/2015,4530.93
191-10885-66,C0885,NA,Cajamarca,15/08/2024,9329.79
191-10886-95,C0886,CTA CORRIENTE,La Molina,06/06/2011,14847.1
191-10887-49,C0887,CTA AHORROS SOLES,Surco,20/04/2018,7387.35
191-10888-53,C0888,NA,Miraflores,21/06/2016,3474.65
191-10889-63,C0889,CTA CORRIENTE,La Molina,16/12/2011,10856.08
191-10890-49,C0890,CTA CORRIENTE,Callao,07/07/2023,7332.11
191-10891-99,C0891,CTA AHORROS SOLES,San Isidro,14/12/2023,2128.51
191-10892-11,C0892,NA,Miraflores,01/09/2012,5587.52
191-10893-90,C0893,CTA CORRIENTE,La Molina,14/12/2024,8236.54
191-10894-90,C0894,CTA AHORROS SOLES,Miraflores,20/05/2024,13466.86
191-10895-35,C0895,CTA AHORROS DOLARES,Lince,12/11/2024,3367.23
191-10896-42,C0896,CTA AHORROS SOLES,La Molina,13/12/2011,14956.95
191-10897-91,C0897,CTA CORRIENTE,La Molina,05/04/2015,7851.66
191-10898-90,C0898,CTA AHORROS SOLES,Miraflores,16/09/2013,9579.68
191-10899-80,C0899,CTA CORRIENTE,La Molina,07/01/2017,11578.8
191-10900-35,C0900,CTA AHORROS SOLES,Lince,26/09/2021,10653.31
191-10901-61,C0901,NA,Lince,08/01/2022,1593.16
191-10902-19,C0902,CTA AHORROS DOLARES,Surco,28/06/2012,12151.0
191-10903-76,C0903,CTA AHORROS SOLES,Lince,30/07/2015,11269.92
191-10904-28,C0904,CTA AHORROS DOLARES,Callao,21/04/2016,3998.79
191-10905-42,C0905,CTA AHORROS SOLES,San Isidro,07/02/2011,10991.1
191-10906-49,C0906,CTA AHORROS DOLARES,Callao,18/12/2015,13876.92
191-10907-15,C0907,CTA AHORROS DOLARES,Callao,28/03/2010,509.34
191-10908-28,C0908,CTA CORRIENTE,San Isidro,25/12/2011,13774.19
191-10909-20,C0909,CTA AHORROS SOLES,Lince,07/08/2016,5783.83
191-10910-62,C0910,CTA AHORROS SOLES,Callao,25/09/2020,11627.92
191-10911-19,C0911,CTA AHORROS SOLES,Miraflores,01/07/2019,7896.49
191-10912-38,C0912,CTA AHORROS DOLARES,Miraflores,27/09/2021,12516.27
191-10913-60,C0913,NA,San Isidro,18/04/2020,12024.57
191-10914-91,C0914,NA,Surco,03/10/2021,13418.35
191-10915-99,C0915,NA,Lince,19/03/2012,6765.93
191-10916-29,C0916,CTA CORRIENTE,Lince,21/04/2017,3235.1
191-10917-81,C0917,CTA AHORROS SOLES,La Molina,02/11/2020,7088.29
191-10918-57,C0918,CTA AHORROS SOLES,Surco,26/08/2010,3387.42
191-10919-36,C0919,CTA AHORROS DOLARES,Miraflores,27/03/2013,13992.31
191-10920-46,C0920,CTA AHORROS DOLARES,Lince,21/02/2017,2602.75
191-10921-88,C0921,CTA AHORROS SOLES,Miraflores,27/05/2022,5281.59
191-10922-11,C0922,CTA AHORROS SOLES,Surco,19/03/2015,13905.09
191-10923-82,C0923,CTA CORRIENTE,Miraflores,24/05/2019,3980.7
191-10924-14,C0924,NA,Callao,24/10/2013,1477.24
191-10925-48,C0925,NA,Callao,08/05/2023,9088.57
191-10926-25,C0926,CTA AHORROS SOLES,Surco,21/06/2019,606.67
191-10927-60,C0927,CTA CORRIENTE,Callao,10/05/2015,8248.01
191-10928-99,C0928,CTA CORRIENTE,Surco,05/06/2014,2578.09
191-10929-70,C0929,CTA CORRIENTE,Callao,30/06/2012,9423.46
191-10930-77,C0930,CTA CORRIENTE,San Isidro,19/08/2015,11948.7
191-10931-89,C0931,CTA AHORROS DOLARES,Lince,09/09/2020,13732.69
191-10932-62,C0932,CTA AHORROS DOLARES,La Molina,15/07/2022,10901.65
191-10933-60,C0933,NA,Callao,14/01/2021,9325.98
191-10934-95,C0934,NA,Cajamarca,20/06/2019,1116.89
191-10935-52,C0935,CTA AHORROS SOLES,La Molina,13/03/2021,13355.1
191-10936-21,C0936,CTA AHORROS DOLARES,Miraflores,29/06/2021,12433.96
191-10937-10,C0937,CTA CORRIENTE,Miraflores,03/05/2012,13035.45
191-10938-14,C0938,CTA CORRIENTE,Callao,08/03/2020,10460.82
191-10939-11,C0939,CTA AHORROS DOLARES,La Molina,17/07/2019,3079.46
191-10940-34,C0940,CTA AHORROS SOLES,Miraflores,15/06/2020,1254.07
191-10941-26,C0941,NA,Surco,07/03/2022,14770.73
191-10942-25,C0942,CTA AHORROS DOLARES,Miraflores,20/08/2021,8004.92
191-10943-50,C0943,CTA AHORROS SOLES,La Molina,20/11/2017,11542.81
191-10944-66,C0944,CTA AHORROS DOLARES,Callao,14/11/2017,13729.77
191-10945-40,C0945,CTA AHORROS DOLARES,La Molina,27/12/2023,4151.31
191-10946-49,C0946,CTA CORRIENTE,San Isidro,14/04/2011,9995.23
191-10947-77,C0947,CTA AHORROS SOLES,Surco,04/08/2016,8950.9
191-10948-15,C0948,CTA AHORROS SOLES,San Isidro,05/10/2020,4631.21
191-10949-12,C0949,CTA AHORROS DOLARES,La Molina,12/12/2016,12812.58
191-10950-10,C0950,NA,Lince,11/05/2016,6098.41
191-10951-96,C0951,CTA AHORROS DOLARES,Lince,20/07/2019,9708.97
191-10952-68,C0952,CTA CORRIENTE,Callao,24/03/2017,13829.87
191-10953-64,C0953,CTA CORRIENTE,Lince,29/12/2012,7396.4
191-10954-83,C0954,CTA AHORROS SOLES,Surco,27/11/2016,6162.95
191-10955-67,C0955,CTA CORRIENTE,Cajamarca,29/10/2019,2723.89
191-10956-39,C0956,CTA AHORROS SOLES,Cajamarca,01/07/2023,7695.73
191-10957-91,C0957,CTA CORRIENTE,Lince,10/12/2011,12210.04
191-10958-18,C0958,CTA AHORROS SOLES,Callao,11/06/2013,10799.28
191-10959-51,C0959,CTA AHORROS SOLES,Cajamarca,11/02/2016,3499.43
191-10960-52,C0960,NA,Surco,23/12/2018,1499.27
191-10961-89,C0961,NA,Miraflores,10/05/2015,1057.19
191-10962-39,C0962,NA,Lince,26/10/2014,9487.92
191-10963-72,C0963,CTA AHORROS SOLES,La Molina,10/04/2020,850.18
191-10964-60,C0964,CTA CORRIENTE,Surco,23/04/2024,13788.64
191-10965-60,C0965,CTA CORRIENTE,Surco,24/02/2014,7561.74
191-10966-78,C0966,CTA CORRIENTE,San Isidro,16/02/2011,12914.93
191-10967-15,C0967,CTA AHORROS SOLES,Callao,21/09/2014,6557.88
191-10968-99,C0968,CTA AHORROS DOLARES,Miraflores,23/08/2024,3984.02
191-10969-15,C0969,CTA CORRIENTE,Callao,06/06/2016,8508.37
191-10970-61,C0970,CTA AHORROS DOLARES,Cajamarca,27/06/2017,4939.87
191-10971-80,C0971,CTA CORRIENTE,La Molina,24/01/2018,826.94
191-10972-76,C0972,CTA CORRIENTE,La Molina,24/06/2023,10846.57
191-10973-15,C0973,CTA AHORROS DOLARES,Callao,02/11/2011,1919.77
191-10974-94,C0974,CTA AHORROS DOLARES,Callao,03/12/2014,3879.86
191-10975-22,C0975,NA,Miraflores,21/02/2020,13615.47
191-10976-40,C0976,CTA AHORROS DOLARES,Cajamarca,23/06/2020,2731.9
191-10977-98,C0977,NA,San Isidro,14/07/2012,3546.82
191-10978-39,C0978,CTA AHORROS DOLARES,Miraflores,22/12/2022,3591.85
191-10979-20,C0979,CTA AHORROS DOLARES,Callao,10/06/2016,7379.89
191-10980-21,C0980,NA,Callao,20/12/2023,7981.99
191-10981-25,C0981,CTA AHORROS SOLES,Cajamarca,25/01/2018,2561.75
191-10982-15,C0982,CTA CORRIENTE,Miraflores,18/11/2015,3994.74
191-10983-91,C0983,NA,Cajamarca,01/10/2024,12187.85
191-10984-55,C0984,CTA AHORROS SOLES,Callao,15/03/2011,981.15
191-10985-24,C0985,CTA AHORROS SOLES,Surco,24/03/2010,9725.75
191-10986-66,C0986,CTA AHORROS SOLES,La Molina,31/08/2016,4276.25
191-10987-36,C0987,CTA CORRIENTE,Surco,07/02/2016,1147.56
191-10988-67,C0988,CTA CORRIENTE,San Isidro,10/06/2013,13225.6
191-10989-53,C0989,CTA CORRIENTE,Surco,07/01/2020,2388.94
191-10990-20,C0990,CTA CORRIENTE,La Molina,29/08/2015,3977.4
191-10991-28,C0991,NA,La Molina,03/01/2024,3460.02
191-10992-79,C0992,CTA AHORROS DOLARES,Callao,16/03/2014,13577.79
191-10993-77,C0993,CTA AHORROS SOLES,San Isidro,17/06/2023,7484.01
191-10994-40,C0994,CTA AHORROS DOLARES,San Isidro,08/01/2020,8805.05
191-10995-18,C0995,CTA AHORROS SOLES,La Molina,26/09/2010,12466.21
191-10996-44,C0996,CTA CORRIENTE,Surco,21/07/2010,10924.28
191-10997-83,C0997,NA,Cajamarca,28/08/2015,1295.72
191-10998-68,C0998,CTA CORRIENTE,Callao,05/10/2024,10226.41
191-10999-66,C0999,CTA AHORROS DOLARES,Surco,19/04/2022,3321.4
191-11000-22,C1000,CTA AHORROS SOLES,Surco,17/11/2011,5652.52
